n,mean_delta_cp_12,mean_delta_cp_20,mean_delta_abs_diff,corr_delta_12_20
50,7260.275862068966,14388.551724137931,7160.413793103448,0.6802277047439169
