prompt_condition,n,recoverable_exact,recoverable_top3,avg_specificity,avg_engine_delta_cp,avg_explanation_words
brief,194,0.39790575916230364,0.518324607329843,0.19847924290723867,11559.504672897196,44.52061855670103
calc,195,0.37948717948717947,0.46153846153846156,0.31327420262198913,12364.240963855422,146.26666666666668
teaching,199,0.39086294416243655,0.5025380710659898,0.20475306299415938,12304.290598290598,117.51256281407035
