prompt_condition,n,legal_rate,exact_match_rate,avg_engine_delta_cp,avg_explanation_words,avg_specificity
brief,200,0.5515463917525774,0.08247422680412371,11559.504672897196,44.38,0.20140875417078197
calc,200,0.4256410256410256,0.07179487179487179,12364.240963855422,146.09,0.3206725204578589
teaching,200,0.5879396984924623,0.09547738693467336,12304.290598290598,117.4,0.2046766661002412
