group,n,corr_specificity_engine_delta,corr_specificity_recoverable,corr_engine_delta_recoverable
overall,588,0.03673310043743098,-0.011442718703860606,-0.15139564542777603
brief,194,0.14998647580744737,-0.07479399329220683,-0.11457490842467577
calc,195,-0.16333418570321848,0.058523617525749576,-0.2843987064579654
teaching,199,0.10562246199061641,0.051902133583255856,-0.09172115754412076
