bucket,n,recoverability_rate,mean_engine_delta
2-3,191,0.32085561497326204,11192.728260869566
1,113,0.35185185185185186,14442.953125
4-5,172,0.4121212121212121,12272.228260869566
>5,112,0.2972972972972973,10501.28813559322
