bucket,n,recoverability_rate,mean_engine_delta
-5 to -2,146,0.32142857142857145,10189.985915492958
>=-0.5,136,0.3511450381679389,13695.52
< -5,242,0.35443037974683544,13014.539682539682
-2 to -0.5,64,0.38095238095238093,8920.457142857143
