{
  "pawn_endings": {
    "total": 6,
    "legal_rate": 1.0,
    "exact_match_rate": 0.3333333333333333,
    "avg_engine_delta_cp": 235.16666666666666
  }
}
